[
  {
    "id": 154,
    "name": "Nepal",
    "iso3": "NPL",
    "iso2": "NP",
    "numeric_code": "524",
    "phone_code": "977",
    "capital": "Kathmandu",
    "currency": "NPR",
    "currency_name": "Nepalese rupee",
    "currency_symbol": "₨",
    "tld": ".np",
    "native": "नपल",
    "region": "Asia",
    "subregion": "Southern Asia",
    "states": [
      {
        "id": 2073,
        "name": "Central Region",
        "state_code": "1",
        "latitude": null,
        "longitude": null,
        "type": null,
        "cities": [
          {
            "id": 79705,
            "name": "Banepā",
            "latitude": "27.63245000",
            "longitude": "85.52192000"
          },
          {
            "id": 79707,
            "name": "Bharatpur",
            "latitude": "27.67680000",
            "longitude": "84.43589000"
          },
          {
            "id": 79713,
            "name": "Birgañj",
            "latitude": "27.01709000",
            "longitude": "84.88080000"
          },
          {
            "id": 79722,
            "name": "Dhulikhel",
            "latitude": "27.62210000",
            "longitude": "85.54281000"
          },
          {
            "id": 79726,
            "name": "Gaur",
            "latitude": "26.76448000",
            "longitude": "85.27841000"
          },
          {
            "id": 79728,
            "name": "Hari Bdr Tamang House",
            "latitude": "27.62890000",
            "longitude": "85.45893000"
          },
          {
            "id": 79729,
            "name": "Hetauda",
            "latitude": "27.42839000",
            "longitude": "85.03219000"
          },
          {
            "id": 79732,
            "name": "Jaleshwar",
            "latitude": "26.64921000",
            "longitude": "85.80017000"
          },
          {
            "id": 79733,
            "name": "Janakpur",
            "latitude": "26.72882000",
            "longitude": "85.92628000"
          },
          {
            "id": 79759,
            "name": "kankrabari Dovan",
            "latitude": "27.62881000",
            "longitude": "85.45934000"
          },
          {
            "id": 79735,
            "name": "Kathmandu",
            "latitude": "27.70169000",
            "longitude": "85.32060000"
          },
          {
            "id": 79737,
            "name": "Kirtipur",
            "latitude": "27.67872000",
            "longitude": "85.27750000"
          },
          {
            "id": 79740,
            "name": "Madhyapur Thimi",
            "latitude": "27.68056000",
            "longitude": "85.38750000"
          },
          {
            "id": 79742,
            "name": "Malaṅgawā",
            "latitude": "26.85658000",
            "longitude": "85.55940000"
          },
          {
            "id": 79743,
            "name": "Nagarkot",
            "latitude": "27.71522000",
            "longitude": "85.52075000"
          },
          {
            "id": 79746,
            "name": "Panauti",
            "latitude": "27.58466000",
            "longitude": "85.52122000"
          },
          {
            "id": 79749,
            "name": "Pātan",
            "latitude": "27.67658000",
            "longitude": "85.31417000"
          },
          {
            "id": 79751,
            "name": "Rāmechhāp",
            "latitude": "27.32560000",
            "longitude": "86.08768000"
          }
        ]
      },
      {
        "id": 2069,
        "name": "Eastern Development Region",
        "state_code": "4",
        "latitude": "27.33090720",
        "longitude": "87.06242610",
        "type": null,
        "cities": [
          {
            "id": 79706,
            "name": "Bhadrapur",
            "latitude": "26.54404000",
            "longitude": "88.09436000"
          },
          {
            "id": 79709,
            "name": "Bhojpur",
            "latitude": "27.17150000",
            "longitude": "87.04607000"
          },
          {
            "id": 79711,
            "name": "Biratnagar",
            "latitude": "26.45505000",
            "longitude": "87.27007000"
          },
          {
            "id": 79720,
            "name": "Dhankutā",
            "latitude": "26.98333000",
            "longitude": "87.33333000"
          },
          {
            "id": 79721,
            "name": "Dharān",
            "latitude": "26.81436000",
            "longitude": "87.27972000"
          },
          {
            "id": 79730,
            "name": "Ilām",
            "latitude": "26.90943000",
            "longitude": "87.92824000"
          },
          {
            "id": 79731,
            "name": "Inaruwa",
            "latitude": "26.60675000",
            "longitude": "87.14780000"
          },
          {
            "id": 79736,
            "name": "Khanbari",
            "latitude": "27.37604000",
            "longitude": "87.20767000"
          },
          {
            "id": 79738,
            "name": "Lahān",
            "latitude": "26.72022000",
            "longitude": "86.48258000"
          },
          {
            "id": 79739,
            "name": "Lobujya",
            "latitude": "27.95000000",
            "longitude": "86.81667000"
          },
          {
            "id": 79744,
            "name": "Namche Bazar",
            "latitude": "27.80528000",
            "longitude": "86.71058000"
          },
          {
            "id": 79750,
            "name": "Rājbirāj",
            "latitude": "26.53968000",
            "longitude": "86.74796000"
          },
          {
            "id": 79753,
            "name": "Siraha",
            "latitude": "26.65422000",
            "longitude": "86.20795000"
          },
          {
            "id": 79754,
            "name": "Titahari",
            "latitude": "26.66371000",
            "longitude": "87.27403000"
          },
          {
            "id": 79755,
            "name": "Triyuga",
            "latitude": "26.79190000",
            "longitude": "86.69900000"
          }
        ]
      },
      {
        "id": 2068,
        "name": "Far-Western Development Region",
        "state_code": "5",
        "latitude": "29.29878710",
        "longitude": "80.98710740",
        "type": null,
        "cities": [
          {
            "id": 79717,
            "name": "Dadeldhurā",
            "latitude": "29.29842000",
            "longitude": "80.58059000"
          },
          {
            "id": 79719,
            "name": "Dhangaḍhi̇̄",
            "latitude": "28.70137000",
            "longitude": "80.58975000"
          },
          {
            "id": 79724,
            "name": "Dipayal",
            "latitude": "29.26083000",
            "longitude": "80.94000000"
          },
          {
            "id": 79741,
            "name": "Mahendranagar",
            "latitude": "28.96399000",
            "longitude": "80.17715000"
          },
          {
            "id": 79760,
            "name": "Ṭikāpur",
            "latitude": "28.52823000",
            "longitude": "81.11798000"
          }
        ]
      },
      {
        "id": 2076,
        "name": "Janakpur Zone",
        "state_code": "JA",
        "latitude": "27.21108990",
        "longitude": "86.01215730",
        "type": null,
        "cities": []
      },
      {
        "id": 2066,
        "name": "Mid-Western Region",
        "state_code": "2",
        "latitude": "38.41118410",
        "longitude": "-90.38320980",
        "type": null,
        "cities": [
          {
            "id": 79710,
            "name": "Bhojpur",
            "latitude": "27.93565000",
            "longitude": "81.77555000"
          },
          {
            "id": 79712,
            "name": "Birendranagar",
            "latitude": "28.60194000",
            "longitude": "81.63389000"
          },
          {
            "id": 79718,
            "name": "Dailekh",
            "latitude": "28.84434000",
            "longitude": "81.71011000"
          },
          {
            "id": 79727,
            "name": "Gulariyā",
            "latitude": "28.20580000",
            "longitude": "81.34532000"
          },
          {
            "id": 79734,
            "name": "Jumla",
            "latitude": "29.27472000",
            "longitude": "82.18383000"
          },
          {
            "id": 79745,
            "name": "Nepalgunj",
            "latitude": "28.05000000",
            "longitude": "81.61667000"
          },
          {
            "id": 79756,
            "name": "Tulsīpur",
            "latitude": "28.13099000",
            "longitude": "82.29726000"
          }
        ]
      },
      {
        "id": 2067,
        "name": "Western Region",
        "state_code": "3",
        "latitude": null,
        "longitude": null,
        "type": null,
        "cities": [
          {
            "id": 79715,
            "name": "Bāglung",
            "latitude": "28.27189000",
            "longitude": "83.58975000"
          },
          {
            "id": 79708,
            "name": "Bhattarai Danda",
            "latitude": "27.88333000",
            "longitude": "83.93333000"
          },
          {
            "id": 79714,
            "name": "Butwāl",
            "latitude": "27.70055000",
            "longitude": "83.44836000"
          },
          {
            "id": 79716,
            "name": "Chitre",
            "latitude": "28.42673000",
            "longitude": "83.69076000"
          },
          {
            "id": 79725,
            "name": "Dārchulā",
            "latitude": "29.83000000",
            "longitude": "80.55000000"
          },
          {
            "id": 79723,
            "name": "Dihi",
            "latitude": "27.87552000",
            "longitude": "83.92759000"
          },
          {
            "id": 79748,
            "name": "Pokhara",
            "latitude": "28.26689000",
            "longitude": "83.96851000"
          },
          {
            "id": 79752,
            "name": "Siddharthanagar",
            "latitude": "27.50000000",
            "longitude": "83.45000000"
          },
          {
            "id": 79757,
            "name": "Tānsen",
            "latitude": "27.86731000",
            "longitude": "83.54670000"
          },
          {
            "id": 79758,
            "name": "Wāliṅ",
            "latitude": "27.98370000",
            "longitude": "83.75925000"
          }
        ]
      }
    ],
    "timezones": [
      {
        "zoneName": "Asia/Kathmandu",
        "gmtOffset": 20700,
        "gmtOffsetName": "UTC+05:45",
        "abbreviation": "NPT",
        "tzName": "Nepal Time"
      }
    ],
    "translations": {
      "kr": "네팔",
      "br": "Nepal",
      "pt": "Nepal",
      "nl": "Nepal",
      "hr": "Nepal",
      "fa": "نپال",
      "de": "Népal",
      "es": "Nepal",
      "fr": "Népal",
      "ja": "ネパール",
      "it": "Nepal",
      "cn": "尼泊尔",
      "tr": "Nepal"
    },
    "latitude": "28.00000000",
    "longitude": "84.00000000",
    "emoji": "🇳🇵",
    "emojiU": "U+1F1F3 U+1F1F5"
  },
  {
    "id": 156,
    "name": "Netherlands",
    "iso3": "NLD",
    "iso2": "NL",
    "numeric_code": "528",
    "phone_code": "31",
    "capital": "Amsterdam",
    "currency": "EUR",
    "currency_name": "Euro",
    "currency_symbol": "€",
    "tld": ".nl",
    "native": "Nederland",
    "region": "Europe",
    "subregion": "Western Europe",
    "states": [
      {
        "id": 2624,
        "name": "Bonaire",
        "state_code": "BQ1",
        "latitude": "12.20189020",
        "longitude": "-68.26238220",
        "type": "special municipality",
        "cities": [
          {
            "id": 150050,
            "name": "Boven Bolivia",
            "latitude": "12.18190000",
            "longitude": "-68.21810000"
          },
          {
            "id": 150051,
            "name": "Dorp Tera Kora",
            "latitude": "12.13333000",
            "longitude": "-68.26667000"
          },
          {
            "id": 150052,
            "name": "Oranjestad",
            "latitude": "17.48333333",
            "longitude": "-62.98333333"
          },
          {
            "id": 150053,
            "name": "Rincon",
            "latitude": "12.23833333",
            "longitude": "-68.33250000"
          },
          {
            "id": 150054,
            "name": "St. Johns",
            "latitude": "17.62100750",
            "longitude": "-63.24316830"
          },
          {
            "id": 150055,
            "name": "The Bottom",
            "latitude": "17.62611111",
            "longitude": "-63.24916667"
          },
          {
            "id": 150056,
            "name": "Windwardside",
            "latitude": "17.62864000",
            "longitude": "-63.23136000"
          },
          {
            "id": 150057,
            "name": "Zion's Hill",
            "latitude": "17.64300000",
            "longitude": "-63.22649000"
          }
        ]
      },
      {
        "id": 2613,
        "name": "Drenthe",
        "state_code": "DR",
        "latitude": "52.94760120",
        "longitude": "6.62305860",
        "type": "province",
        "cities": [
          {
            "id": 78838,
            "name": "Veenoord",
            "latitude": "52.71087000",
            "longitude": "6.84869000"
          },
          {
            "id": 78857,
            "name": "Vledder",
            "latitude": "52.85583000",
            "longitude": "6.20833000"
          },
          {
            "id": 78976,
            "name": "Wolfsbos",
            "latitude": "52.71734000",
            "longitude": "6.49881000"
          },
          {
            "id": 79028,
            "name": "Zuidlaren",
            "latitude": "53.09417000",
            "longitude": "6.68194000"
          }
        ]
      },
      {
        "id": 2619,
        "name": "Flevoland",
        "state_code": "FL",
        "latitude": "52.52797810",
        "longitude": "5.59535080",
        "type": "province",
        "cities": [
          {
            "id": 77327,
            "name": "Almere Stad",
            "latitude": "52.37025000",
            "longitude": "5.21413000"
          },
          {
            "id": 78987,
            "name": "Woudsend",
            "latitude": "52.94357000",
            "longitude": "5.62843000"
          },
          {
            "id": 79026,
            "name": "Zuiderburen",
            "latitude": "53.17340000",
            "longitude": "5.84271000"
          }
        ]
      },
      {
        "id": 2611,
        "name": "Gelderland",
        "state_code": "GE",
        "latitude": "52.04515500",
        "longitude": "5.87182350",
        "type": "province",
        "cities": [
          {
            "id": 77300,
            "name": "'s-Heerenberg",
            "latitude": "51.87670000",
            "longitude": "6.25877000"
          },
          {
            "id": 79019,
            "name": "Zonnemaat",
            "latitude": "51.93115000",
            "longitude": "6.06235000"
          },
          {
            "id": 79030,
            "name": "Zuilichem",
            "latitude": "51.80917000",
            "longitude": "5.13611000"
          },
          {
            "id": 79032,
            "name": "Zutphen",
            "latitude": "52.13833000",
            "longitude": "6.20139000"
          }
        ]
      },
      {
        "id": 2617,
        "name": "Groningen",
        "state_code": "GR",
        "latitude": "53.21938350",
        "longitude": "6.56650170",
        "type": "province",
        "cities": [
          {
            "id": 78938,
            "name": "Westerlee",
            "latitude": "53.14583000",
            "longitude": "6.98750000"
          },
          {
            "id": 78940,
            "name": "Westerwolde",
            "latitude": "53.02800000",
            "longitude": "7.15671000"
          },
          {
            "id": 78958,
            "name": "Wildervank",
            "latitude": "53.08083000",
            "longitude": "6.86250000"
          },
          {
            "id": 79025,
            "name": "Zuidbroek",
            "latitude": "53.16333000",
            "longitude": "6.86111000"
          }
        ]
      },
      {
        "id": 2615,
        "name": "Limburg",
        "state_code": "LI",
        "latitude": "51.44272380",
        "longitude": "6.06087260",
        "type": "province",
        "cities": [
          {
            "id": 78927,
            "name": "Wessem",
            "latitude": "51.15954000",
            "longitude": "5.88146000"
          },
          {
            "id": 78955,
            "name": "Wijlre",
            "latitude": "50.83333000",
            "longitude": "5.89583000"
          },
          {
            "id": 78956,
            "name": "Wijnandsrade",
            "latitude": "50.90583000",
            "longitude": "5.88333000"
          },
          {
            "id": 78974,
            "name": "Wolder",
            "latitude": "50.83752000",
            "longitude": "5.65938000"
          },
          {
            "id": 78991,
            "name": "Ysselsteyn",
            "latitude": "51.49000000",
            "longitude": "5.89722000"
          }
        ]
      },
      {
        "id": 2620,
        "name": "Zeeland",
        "state_code": "ZE",
        "latitude": "51.49403090",
        "longitude": "3.84968150",
        "type": "province",
        "cities": [
          {
            "id": 79013,
            "name": "Zierikzee",
            "latitude": "51.65000000",
            "longitude": "3.91944000"
          },
          {
            "id": 79020,
            "name": "Zoutelande",
            "latitude": "51.50167000",
            "longitude": "3.48472000"
          }
        ]
      }
    ],
    "timezones": [
      {
        "zoneName": "Europe/Amsterdam",
        "gmtOffset": 3600,
        "gmtOffsetName": "UTC+01:00",
        "abbreviation": "CET",
        "tzName": "Central European Time"
      }
    ],
    "translations": {
      "kr": "네덜란드 ",
      "br": "Holanda",
      "pt": "Países Baixos",
      "nl": "Nederland",
      "hr": "Nizozemska",
      "fa": "پادشاهی هلند",
      "de": "Niederlande",
      "es": "Países Bajos",
      "fr": "Pays-Bas",
      "ja": "オランダ",
      "it": "Paesi Bassi",
      "cn": "荷兰",
      "tr": "Hollanda"
    },
    "latitude": "52.50000000",
    "longitude": "5.75000000",
    "emoji": "🇳🇱",
    "emojiU": "U+1F1F3 U+1F1F1"
  }
]
